CO,NCCL,2026-05-09,2026-05-09,1,P,M50644,00647,C,A00030652,,,,,,,,,,,,0,0,0,0,0,,0,0,0,0,,0,0,0,0,0,,,,,,,0,0,,,,,,,
CO,NCCL,2026-05-09,2026-05-09,1,P,M50644,00647,C,A00111754,,,,,,,,,,,,0,0,0,0,0,,0,0,0,0,,0,0,0,0,0,,,,,,,0,0,,,,,,,
CO,NCCL,2026-05-09,2026-05-09,1,P,M50644,00647,C,A00113121,,,,,,,,,,,,0,0,0,0,0,,0,0,0,0,,0,0,0,0,0,,,,,,,0,0,,,,,,,
CO,NCCL,2026-05-09,2026-05-09,1,P,M50644,00647,C,A00117573,,,,,,,,,,,,0,0,0,0,0,,0,0,0,0,,0,0,0,0,0,,,,,,,0,0,,,,,,,
CO,NCCL,2026-05-09,2026-05-09,1,P,M50644,00647,C,A00117793,,,,,,,,,,,,0,0,0,0,0,,0,0,0,0,,0,0,0,0,0,,,,,,,0,0,,,,,,,
CO,NCCL,2026-05-09,2026-05-09,1,P,M50644,00647,C,A00119479,,,,,,,,,,,,0,0,0,0,0,,0,0,0,0,,0,0,0,0,0,,,,,,,0,0,,,,,,,
CO,NCCL,2026-05-09,2026-05-09,1,P,M50644,00647,C,A00120828,,,,,,,,,,,,0,0,0,0,0,,0,0,0,0,,0,0,0,0,0,,,,,,,0,0,,,,,,,
CO,NCCL,2026-05-09,2026-05-09,1,P,M50644,00647,C,A00122607,,,,,,,,,,,,0,0,0,0,0,,0,0,0,0,,0,0,0,0,0,,,,,,,0,0,,,,,,,
CO,NCCL,2026-05-09,2026-05-09,1,P,M50644,00647,C,A00123098,,,,,,,,,,,,0,0,0,0,0,,0,0,0,0,,0,0,0,0,0,,,,,,,0,0,,,,,,,
CO,NCCL,2026-05-09,2026-05-09,1,P,M50644,00647,C,A036327,,,,,,,,,,,,0,0,0,0,0,,0,0,0,0,,0,0,0,0,0,,,,,,,0,0,,,,,,,
CO,NCCL,2026-05-09,2026-05-09,1,P,M50644,00647,C,A069847,,,,,,,,,,,,0,0,0,0,0,,0,0,0,0,,0,0,0,0,0,,,,,,,0,0,,,,,,,
CO,NCCL,2026-05-09,2026-05-09,1,P,M50644,00647,C,A099718,,,,,,,,,,,,0,0,0,-22900,0,,0,0,0,0,,0,0,0,0,22900,,,,,,,0,0,,,,,,,
CO,NCCL,2026-05-09,2026-05-09,1,P,M50644,00647,C,A105360,,,,,,,,,,,,0,0,0,0,0,,0,0,0,0,,0,0,0,0,0,,,,,,,0,0,,,,,,,
CO,NCCL,2026-05-09,2026-05-09,1,P,M50644,00647,C,A170176,,,,,,,,,,,,0,0,0,0,0,,0,0,0,0,,0,0,0,0,0,,,,,,,0,0,,,,,,,
CO,NCCL,2026-05-09,2026-05-09,1,P,M50644,00647,C,A221851,,,,,,,,,,,,0,0,0,0,0,,0,0,0,0,,0,0,0,0,0,,,,,,,0,0,,,,,,,
CO,NCCL,2026-05-09,2026-05-09,1,P,M50644,00647,C,A281344,,,,,,,,,,,,0,0,0,0,0,,0,0,0,0,,0,0,0,0,0,,,,,,,0,0,,,,,,,
CO,NCCL,2026-05-09,2026-05-09,1,P,M50644,00647,C,A498473,,,,,,,,,,,,0,0,0,0,0,,0,0,0,0,,0,0,0,0,0,,,,,,,0,0,,,,,,,
CO,NCCL,2026-05-09,2026-05-09,1,P,M50644,00647,C,A533595,,,,,,,,,,,,0,0,0,0,0,,0,0,0,0,,0,0,0,0,0,,,,,,,0,0,,,,,,,
CO,NCCL,2026-05-09,2026-05-09,1,P,M50644,00647,C,A548276,,,,,,,,,,,,0,0,0,0,0,,0,0,0,0,,0,0,0,0,0,,,,,,,0,0,,,,,,,
CO,NCCL,2026-05-09,2026-05-09,1,P,M50644,00647,C,A566815,,,,,,,,,,,,0,0,0,0,0,,0,0,0,0,,0,0,0,0,0,,,,,,,0,0,,,,,,,
CO,NCCL,2026-05-09,2026-05-09,1,P,M50644,00647,C,B00031333,,,,,,,,,,,,0,0,0,0,0,,0,0,0,0,,0,0,0,0,0,,,,,,,0,0,,,,,,,
CO,NCCL,2026-05-09,2026-05-09,1,P,M50644,00647,C,B00038211,,,,,,,,,,,,0,0,0,0,0,,0,0,0,0,,0,0,0,0,0,,,,,,,0,0,,,,,,,
CO,NCCL,2026-05-09,2026-05-09,1,P,M50644,00647,C,B00065094,,,,,,,,,,,,0,0,0,0,0,,0,0,0,0,,0,0,0,0,0,,,,,,,0,0,,,,,,,
CO,NCCL,2026-05-09,2026-05-09,1,P,M50644,00647,C,B166630,,,,,,,,,,,,0,0,0,0,0,,0,0,0,0,,0,0,0,0,0,,,,,,,0,0,,,,,,,
CO,NCCL,2026-05-09,2026-05-09,1,P,M50644,00647,C,C00039161,,,,,,,,,,,,0,0,0,0,0,,0,0,0,0,,0,0,0,0,0,,,,,,,0,0,,,,,,,
CO,NCCL,2026-05-09,2026-05-09,1,P,M50644,00647,C,C00045766,,,,,,,,,,,,0,0,0,0,0,,0,0,0,0,,0,0,0,0,0,,,,,,,0,0,,,,,,,
CO,NCCL,2026-05-09,2026-05-09,1,P,M50644,00647,C,CAM1389,,,,,,,,,,,,0,0,0,0,0,,0,0,0,0,,0,0,0,0,0,,,,,,,0,0,,,,,,,
CO,NCCL,2026-05-09,2026-05-09,1,P,M50644,00647,C,CCH1439,,,,,,,,,,,,0,0,0,0,0,,0,0,0,0,,0,0,0,0,0,,,,,,,0,0,,,,,,,
CO,NCCL,2026-05-09,2026-05-09,1,P,M50644,00647,C,CDS1679,,,,,,,,,,,,0,0,0,0,0,,0,0,0,0,,0,0,0,0,0,,,,,,,0,0,,,,,,,
CO,NCCL,2026-05-09,2026-05-09,1,P,M50644,00647,C,CFK1247,,,,,,,,,,,,0,0,0,0,0,,0,0,0,0,,0,0,0,0,0,,,,,,,0,0,,,,,,,
CO,NCCL,2026-05-09,2026-05-09,1,P,M50644,00647,C,CPG2190,,,,,,,,,,,,0,0,0,0,0,,0,0,0,0,,0,0,0,0,0,,,,,,,0,0,,,,,,,
CO,NCCL,2026-05-09,2026-05-09,1,P,M50644,00647,C,CSL1878,,,,,,,,,,,,0,0,0,0,0,,0,0,0,0,,0,0,0,0,0,,,,,,,0,0,,,,,,,
CO,NCCL,2026-05-09,2026-05-09,1,P,M50644,00647,C,CVS1464,,,,,,,,,,,,0,0,0,0,0,,0,0,0,0,,0,0,0,0,0,,,,,,,0,0,,,,,,,
CO,NCCL,2026-05-09,2026-05-09,1,P,M50644,00647,C,D00067215,,,,,,,,,,,,0,0,0,0,0,,0,0,0,0,,0,0,0,0,0,,,,,,,0,0,,,,,,,
CO,NCCL,2026-05-09,2026-05-09,1,P,M50644,00647,C,D442501,,,,,,,,,,,,0,0,0,0,0,,0,0,0,0,,0,0,0,0,0,,,,,,,0,0,,,,,,,
CO,NCCL,2026-05-09,2026-05-09,1,P,M50644,00647,C,D536290,,,,,,,,,,,,0,0,0,0,0,,0,0,0,0,,0,0,0,0,0,,,,,,,0,0,,,,,,,
CO,NCCL,2026-05-09,2026-05-09,1,P,M50644,00647,C,D568155,,,,,,,,,,,,0,0,0,0,0,,0,0,0,0,,0,0,0,0,0,,,,,,,0,0,,,,,,,
CO,NCCL,2026-05-09,2026-05-09,1,P,M50644,00647,C,E030220,,,,,,,,,,,,0,0,0,0,0,,0,0,0,0,,0,0,0,0,0,,,,,,,0,0,,,,,,,
CO,NCCL,2026-05-09,2026-05-09,1,P,M50644,00647,C,G00055997,,,,,,,,,,,,0,0,0,0,0,,0,0,0,0,,0,0,0,0,0,,,,,,,0,0,,,,,,,
CO,NCCL,2026-05-09,2026-05-09,1,P,M50644,00647,C,G026913,,,,,,,,,,,,0,0,0,0,0,,0,0,0,0,,0,0,0,0,0,,,,,,,0,0,,,,,,,
CO,NCCL,2026-05-09,2026-05-09,1,P,M50644,00647,C,G092295,,,,,,,,,,,,0,0,0,0,0,,0,0,0,0,,0,0,0,0,0,,,,,,,0,0,,,,,,,
CO,NCCL,2026-05-09,2026-05-09,1,P,M50644,00647,C,G281881,,,,,,,,,,,,0,0,0,0,0,,0,0,0,0,,0,0,0,0,0,,,,,,,0,0,,,,,,,
CO,NCCL,2026-05-09,2026-05-09,1,P,M50644,00647,C,H00035465,,,,,,,,,,,,0,0,0,0,0,,0,0,0,0,,0,0,0,0,0,,,,,,,0,0,,,,,,,
CO,NCCL,2026-05-09,2026-05-09,1,P,M50644,00647,C,H00047333,,,,,,,,,,,,0,0,0,0,0,,0,0,0,0,,0,0,0,0,0,,,,,,,0,0,,,,,,,
CO,NCCL,2026-05-09,2026-05-09,1,P,M50644,00647,C,H00052900,,,,,,,,,,,,0,0,0,0,0,,0,0,0,0,,0,0,0,0,0,,,,,,,0,0,,,,,,,
CO,NCCL,2026-05-09,2026-05-09,1,P,M50644,00647,C,H00053735,,,,,,,,,,,,0,0,0,0,0,,0,0,0,0,,0,0,0,0,0,,,,,,,0,0,,,,,,,
CO,NCCL,2026-05-09,2026-05-09,1,P,M50644,00647,C,H055580,,,,,,,,,,,,0,0,0,0,0,,0,0,0,0,,0,0,0,0,0,,,,,,,0,0,,,,,,,
CO,NCCL,2026-05-09,2026-05-09,1,P,M50644,00647,C,H163811,,,,,,,,,,,,0,0,0,0,0,,0,0,0,0,,0,0,0,0,0,,,,,,,0,0,,,,,,,
CO,NCCL,2026-05-09,2026-05-09,1,P,M50644,00647,C,H284182,,,,,,,,,,,,338566,27934,0,-111400,0,,0,0,0,-149550,,340999.07,27934,216501.14,518483.07,477900,,,,,,,0,0,,,,,,,
CO,NCCL,2026-05-09,2026-05-09,1,P,M50644,00647,C,H357777,,,,,,,,,,,,0,0,0,0,0,,0,0,0,0,,0,0,0,0,0,,,,,,,0,0,,,,,,,
CO,NCCL,2026-05-09,2026-05-09,1,P,M50644,00647,C,H450021,,,,,,,,,,,,0,0,0,0,0,,0,0,0,0,,0,0,0,0,0,,,,,,,0,0,,,,,,,
CO,NCCL,2026-05-09,2026-05-09,1,P,M50644,00647,C,I00037664,,,,,,,,,,,,0,0,0,0,0,,0,0,0,0,,0,0,0,0,0,,,,,,,0,0,,,,,,,
CO,NCCL,2026-05-09,2026-05-09,1,P,M50644,00647,C,I467630,,,,,,,,,,,,0,0,0,0,0,,0,0,0,0,,0,0,0,0,0,,,,,,,0,0,,,,,,,
CO,NCCL,2026-05-09,2026-05-09,1,P,M50644,00647,C,J00061121,,,,,,,,,,,,0,0,0,0,0,,0,0,0,0,,0,0,0,0,0,,,,,,,0,0,,,,,,,
CO,NCCL,2026-05-09,2026-05-09,1,P,M50644,00647,C,J064888,,,,,,,,,,,,0,0,0,0,0,,0,0,0,0,,0,0,0,0,0,,,,,,,0,0,,,,,,,
CO,NCCL,2026-05-09,2026-05-09,1,P,M50644,00647,C,J451848,,,,,,,,,,,,0,0,0,0,0,,0,0,0,0,,0,0,0,0,0,,,,,,,0,0,,,,,,,
CO,NCCL,2026-05-09,2026-05-09,1,P,M50644,00647,C,J569905,,,,,,,,,,,,0,0,0,0,0,,0,0,0,0,,0,0,0,0,0,,,,,,,0,0,,,,,,,
CO,NCCL,2026-05-09,2026-05-09,1,P,M50644,00647,C,K00034475,,,,,,,,,,,,0,0,0,0,0,,0,0,0,0,,0,0,0,0,0,,,,,,,0,0,,,,,,,
CO,NCCL,2026-05-09,2026-05-09,1,P,M50644,00647,C,K00071721,,,,,,,,,,,,0,0,0,0,0,,0,0,0,0,,0,0,0,0,0,,,,,,,0,0,,,,,,,
CO,NCCL,2026-05-09,2026-05-09,1,P,M50644,00647,C,K00074265,,,,,,,,,,,,0,0,0,0,0,,0,0,0,0,,0,0,0,0,0,,,,,,,0,0,,,,,,,
CO,NCCL,2026-05-09,2026-05-09,1,P,M50644,00647,C,K00075094,,,,,,,,,,,,0,0,0,0,0,,0,0,0,0,,0,0,0,0,0,,,,,,,0,0,,,,,,,
CO,NCCL,2026-05-09,2026-05-09,1,P,M50644,00647,C,K001446,,,,,,,,,,,,0,0,0,0,0,,0,0,0,0,,0,0,0,0,0,,,,,,,0,0,,,,,,,
CO,NCCL,2026-05-09,2026-05-09,1,P,M50644,00647,C,K074503,,,,,,,,,,,,0,0,0,0,0,,0,0,0,0,,0,0,0,0,0,,,,,,,0,0,,,,,,,
CO,NCCL,2026-05-09,2026-05-09,1,P,M50644,00647,C,K180302,,,,,,,,,,,,0,0,0,0,0,,0,0,0,0,,0,0,0,0,0,,,,,,,0,0,,,,,,,
CO,NCCL,2026-05-09,2026-05-09,1,P,M50644,00647,C,K455682,,,,,,,,,,,,0,0,0,0,0,,0,0,0,0,,0,0,0,0,0,,,,,,,0,0,,,,,,,
CO,NCCL,2026-05-09,2026-05-09,1,P,M50644,00647,C,L00042610,,,,,,,,,,,,0,0,0,0,0,,0,0,0,0,,0,0,0,0,0,,,,,,,0,0,,,,,,,
CO,NCCL,2026-05-09,2026-05-09,1,P,M50644,00647,C,M00058924,,,,,,,,,,,,0,0,0,0,0,,0,0,0,0,,0,0,0,0,0,,,,,,,0,0,,,,,,,
CO,NCCL,2026-05-09,2026-05-09,1,P,M50644,00647,C,M00081608,,,,,,,,,,,,0,0,0,0,0,,0,0,0,0,,0,0,0,0,0,,,,,,,0,0,,,,,,,
CO,NCCL,2026-05-09,2026-05-09,1,P,M50644,00647,C,M00090019,,,,,,,,,,,,0,0,0,0,0,,0,0,0,0,,0,0,0,0,0,,,,,,,0,0,,,,,,,
CO,NCCL,2026-05-09,2026-05-09,1,P,M50644,00647,C,M00095619,,,,,,,,,,,,0,0,0,0,0,,0,0,0,0,,0,0,0,0,0,,,,,,,0,0,,,,,,,
CO,NCCL,2026-05-09,2026-05-09,1,P,M50644,00647,C,M00102100,,,,,,,,,,,,0,0,0,0,0,,0,0,0,0,,0,0,0,0,0,,,,,,,0,0,,,,,,,
CO,NCCL,2026-05-09,2026-05-09,1,P,M50644,00647,C,M00102888,,,,,,,,,,,,0,0,0,0,0,,0,0,0,0,,0,0,0,0,0,,,,,,,0,0,,,,,,,
CO,NCCL,2026-05-09,2026-05-09,1,P,M50644,00647,C,M00102901,,,,,,,,,,,,0,0,0,0,0,,0,0,0,0,,0,0,0,0,0,,,,,,,0,0,,,,,,,
CO,NCCL,2026-05-09,2026-05-09,1,P,M50644,00647,C,M00103156,,,,,,,,,,,,0,0,0,0,0,,0,0,0,0,,0,0,0,0,0,,,,,,,0,0,,,,,,,
CO,NCCL,2026-05-09,2026-05-09,1,P,M50644,00647,C,M133414,,,,,,,,,,,,0,0,0,0,0,,0,0,0,0,,0,0,0,0,0,,,,,,,0,0,,,,,,,
CO,NCCL,2026-05-09,2026-05-09,1,P,M50644,00647,C,M145611,,,,,,,,,,,,0,0,0,0,0,,0,0,0,0,,0,0,0,0,0,,,,,,,0,0,,,,,,,
CO,NCCL,2026-05-09,2026-05-09,1,P,M50644,00647,C,M176621,,,,,,,,,,,,0,0,0,0,0,,0,0,0,0,,0,0,0,0,0,,,,,,,0,0,,,,,,,
CO,NCCL,2026-05-09,2026-05-09,1,P,M50644,00647,C,M228929,,,,,,,,,,,,0,0,0,0,0,,0,0,0,0,,0,0,0,0,0,,,,,,,0,0,,,,,,,
CO,NCCL,2026-05-09,2026-05-09,1,P,M50644,00647,C,N00064892,,,,,,,,,,,,0,0,0,0,0,,0,0,0,0,,0,0,0,0,0,,,,,,,0,0,,,,,,,
CO,NCCL,2026-05-09,2026-05-09,1,P,M50644,00647,C,N00069592,,,,,,,,,,,,0,0,0,0,0,,0,0,0,0,,0,0,0,0,0,,,,,,,0,0,,,,,,,
CO,NCCL,2026-05-09,2026-05-09,1,P,M50644,00647,C,N566119,,,,,,,,,,,,0,0,0,0,0,,0,0,0,0,,0,0,0,0,0,,,,,,,0,0,,,,,,,
CO,NCCL,2026-05-09,2026-05-09,1,P,M50644,00647,C,N572288,,,,,,,,,,,,0,0,0,0,0,,0,0,0,0,,0,0,0,0,0,,,,,,,0,0,,,,,,,
CO,NCCL,2026-05-09,2026-05-09,1,P,M50644,00647,C,NC0008,,,,,,,,,,,,0,0,0,0,0,,0,0,0,0,,0,0,0,0,0,,,,,,,0,0,,,,,,,
CO,NCCL,2026-05-09,2026-05-09,1,P,M50644,00647,C,O00035238,,,,,,,,,,,,0,0,0,0,0,,0,0,0,0,,0,0,0,0,0,,,,,,,0,0,,,,,,,
CO,NCCL,2026-05-09,2026-05-09,1,P,M50644,00647,C,P00072628,,,,,,,,,,,,0,0,0,0,0,,0,0,0,0,,0,0,0,0,0,,,,,,,0,0,,,,,,,
CO,NCCL,2026-05-09,2026-05-09,1,P,M50644,00647,C,P00080557,,,,,,,,,,,,0,0,0,0,0,,0,0,0,0,,0,0,0,0,0,,,,,,,0,0,,,,,,,
CO,NCCL,2026-05-09,2026-05-09,1,P,M50644,00647,C,P00081838,,,,,,,,,,,,0,0,0,0,0,,0,0,0,0,,0,0,0,0,0,,,,,,,0,0,,,,,,,
CO,NCCL,2026-05-09,2026-05-09,1,P,M50644,00647,C,P00085537,,,,,,,,,,,,0,0,0,0,0,,0,0,0,0,,0,0,0,0,0,,,,,,,0,0,,,,,,,
CO,NCCL,2026-05-09,2026-05-09,1,P,M50644,00647,C,P00085819,,,,,,,,,,,,0,0,0,0,0,,0,0,0,0,,0,0,0,0,0,,,,,,,0,0,,,,,,,
CO,NCCL,2026-05-09,2026-05-09,1,P,M50644,00647,C,P00086380,,,,,,,,,,,,0,0,0,0,0,,0,0,0,0,,0,0,0,0,0,,,,,,,0,0,,,,,,,
CO,NCCL,2026-05-09,2026-05-09,1,P,M50644,00647,C,P006045,,,,,,,,,,,,0,0,0,0,0,,0,0,0,0,,0,0,0,0,0,,,,,,,0,0,,,,,,,
CO,NCCL,2026-05-09,2026-05-09,1,P,M50644,00647,C,P061247,,,,,,,,,,,,0,0,0,0,0,,0,0,0,0,,0,0,0,0,0,,,,,,,0,0,,,,,,,
CO,NCCL,2026-05-09,2026-05-09,1,P,M50644,00647,C,R00031418,,,,,,,,,,,,0,0,0,0,0,,0,0,0,0,,0,0,0,0,0,,,,,,,0,0,,,,,,,
CO,NCCL,2026-05-09,2026-05-09,1,P,M50644,00647,C,R00071503,,,,,,,,,,,,0,0,0,0,0,,0,0,0,0,,0,0,0,0,0,,,,,,,0,0,,,,,,,
CO,NCCL,2026-05-09,2026-05-09,1,P,M50644,00647,C,R00105691,,,,,,,,,,,,0,0,0,0,0,,0,0,0,0,,0,0,0,0,0,,,,,,,0,0,,,,,,,
CO,NCCL,2026-05-09,2026-05-09,1,P,M50644,00647,C,R00111659,,,,,,,,,,,,0,0,0,0,0,,0,0,0,0,,0,0,0,0,0,,,,,,,0,0,,,,,,,
CO,NCCL,2026-05-09,2026-05-09,1,P,M50644,00647,C,R008598,,,,,,,,,,,,0,0,0,0,0,,0,0,0,0,,0,0,0,0,0,,,,,,,0,0,,,,,,,
CO,NCCL,2026-05-09,2026-05-09,1,P,M50644,00647,C,R049404,,,,,,,,,,,,0,0,0,0,0,,0,0,0,0,,0,0,0,0,0,,,,,,,0,0,,,,,,,
CO,NCCL,2026-05-09,2026-05-09,1,P,M50644,00647,C,R292435,,,,,,,,,,,,0,0,0,0,0,,0,0,0,0,,0,0,0,0,0,,,,,,,0,0,,,,,,,
CO,NCCL,2026-05-09,2026-05-09,1,P,M50644,00647,C,RS14137,,,,,,,,,,,,0,0,0,0,0,,0,0,0,0,,0,0,0,0,0,,,,,,,0,0,,,,,,,
CO,NCCL,2026-05-09,2026-05-09,1,P,M50644,00647,C,RS17748,,,,,,,,,,,,0,0,0,0,0,,0,0,0,0,,0,0,0,0,0,,,,,,,0,0,,,,,,,
CO,NCCL,2026-05-09,2026-05-09,1,P,M50644,00647,C,RS19990,,,,,,,,,,,,0,0,0,0,0,,0,0,0,0,,0,0,0,0,0,,,,,,,0,0,,,,,,,
CO,NCCL,2026-05-09,2026-05-09,1,P,M50644,00647,C,RS20245,,,,,,,,,,,,0,0,0,0,0,,0,0,0,0,,0,0,0,0,0,,,,,,,0,0,,,,,,,
CO,NCCL,2026-05-09,2026-05-09,1,P,M50644,00647,C,RS31795,,,,,,,,,,,,0,0,0,0,0,,0,0,0,0,,0,0,0,0,0,,,,,,,0,0,,,,,,,
CO,NCCL,2026-05-09,2026-05-09,1,P,M50644,00647,C,RS31873,,,,,,,,,,,,0,0,0,0,0,,0,0,0,0,,0,0,0,0,0,,,,,,,0,0,,,,,,,
CO,NCCL,2026-05-09,2026-05-09,1,P,M50644,00647,C,RS31892,,,,,,,,,,,,0,0,0,0,0,,0,0,0,0,,0,0,0,0,0,,,,,,,0,0,,,,,,,
CO,NCCL,2026-05-09,2026-05-09,1,P,M50644,00647,C,RS4060,,,,,,,,,,,,0,0,0,0,0,,0,0,0,0,,0,0,0,0,0,,,,,,,0,0,,,,,,,
CO,NCCL,2026-05-09,2026-05-09,1,P,M50644,00647,C,RS4769,,,,,,,,,,,,0,0,0,0,0,,0,0,0,0,,0,0,0,0,0,,,,,,,0,0,,,,,,,
CO,NCCL,2026-05-09,2026-05-09,1,P,M50644,00647,C,RS8049,,,,,,,,,,,,0,0,0,0,0,,0,0,0,0,,0,0,0,0,0,,,,,,,0,0,,,,,,,
CO,NCCL,2026-05-09,2026-05-09,1,P,M50644,00647,C,S00038522,,,,,,,,,,,,0,0,0,0,0,,0,0,0,0,,0,0,0,0,0,,,,,,,0,0,,,,,,,
CO,NCCL,2026-05-09,2026-05-09,1,P,M50644,00647,C,S0012478,,,,,,,,,,,,0,0,0,0,0,,0,0,0,0,,0,0,0,0,0,,,,,,,0,0,,,,,,,
CO,NCCL,2026-05-09,2026-05-09,1,P,M50644,00647,C,S00140653,,,,,,,,,,,,0,0,0,0,0,,0,0,0,0,,0,0,0,0,0,,,,,,,0,0,,,,,,,
CO,NCCL,2026-05-09,2026-05-09,1,P,M50644,00647,C,S00165001,,,,,,,,,,,,1049491.43,89225,0,0,0,,0,0,0,0,,1055769.13,89225,1144994.13,1144994.13,1138716.43,,,,,,,0,0,,,,,,,
CO,NCCL,2026-05-09,2026-05-09,1,P,M50644,00647,C,S00168978,,,,,,,,,,,,0,0,0,0,0,,0,0,0,0,,0,0,0,0,0,,,,,,,0,0,,,,,,,
CO,NCCL,2026-05-09,2026-05-09,1,P,M50644,00647,C,S00169238,,,,,,,,,,,,0,0,0,0,0,,0,0,0,0,,0,0,0,0,0,,,,,,,0,0,,,,,,,
CO,NCCL,2026-05-09,2026-05-09,1,P,M50644,00647,C,S00169827,,,,,,,,,,,,0,0,0,0,0,,0,0,0,0,,0,0,0,0,0,,,,,,,0,0,,,,,,,
CO,NCCL,2026-05-09,2026-05-09,1,P,M50644,00647,C,S00170729,,,,,,,,,,,,0,0,0,0,0,,0,0,0,0,,0,0,0,0,0,,,,,,,0,0,,,,,,,
CO,NCCL,2026-05-09,2026-05-09,1,P,M50644,00647,C,S00171676,,,,,,,,,,,,0,0,0,0,0,,0,0,0,0,,0,0,0,0,0,,,,,,,0,0,,,,,,,
CO,NCCL,2026-05-09,2026-05-09,1,P,M50644,00647,C,S00171972,,,,,,,,,,,,0,0,0,0,0,,0,0,0,0,,0,0,0,0,0,,,,,,,0,0,,,,,,,
CO,NCCL,2026-05-09,2026-05-09,1,P,M50644,00647,C,S00172059,,,,,,,,,,,,0,0,0,0,0,,0,0,0,0,,0,0,0,0,0,,,,,,,0,0,,,,,,,
CO,NCCL,2026-05-09,2026-05-09,1,P,M50644,00647,C,S00174311,,,,,,,,,,,,0,0,0,0,0,,0,0,0,0,,0,0,0,0,0,,,,,,,0,0,,,,,,,
CO,NCCL,2026-05-09,2026-05-09,1,P,M50644,00647,C,S00182912,,,,,,,,,,,,0,0,0,0,0,,0,0,0,0,,0,0,0,0,0,,,,,,,0,0,,,,,,,
CO,NCCL,2026-05-09,2026-05-09,1,P,M50644,00647,C,S00183686,,,,,,,,,,,,0,0,0,0,0,,0,0,0,0,,0,0,0,0,0,,,,,,,0,0,,,,,,,
CO,NCCL,2026-05-09,2026-05-09,1,P,M50644,00647,C,S00184534,,,,,,,,,,,,0,0,0,0,0,,0,0,0,0,,0,0,0,0,0,,,,,,,0,0,,,,,,,
CO,NCCL,2026-05-09,2026-05-09,1,P,M50644,00647,C,S00184576,,,,,,,,,,,,0,0,0,0,0,,0,0,0,0,,0,0,0,0,0,,,,,,,0,0,,,,,,,
CO,NCCL,2026-05-09,2026-05-09,1,P,M50644,00647,C,S00184710,,,,,,,,,,,,0,0,0,0,0,,0,0,0,0,,0,0,0,0,0,,,,,,,0,0,,,,,,,
CO,NCCL,2026-05-09,2026-05-09,1,P,M50644,00647,C,S00185717,,,,,,,,,,,,0,0,0,0,0,,0,0,0,0,,0,0,0,0,0,,,,,,,0,0,,,,,,,
CO,NCCL,2026-05-09,2026-05-09,1,P,M50644,00647,C,S011822,,,,,,,,,,,,0,0,0,0,0,,0,0,0,0,,0,0,0,0,0,,,,,,,0,0,,,,,,,
CO,NCCL,2026-05-09,2026-05-09,1,P,M50644,00647,C,S022010,,,,,,,,,,,,0,0,0,0,0,,0,0,0,0,,0,0,0,0,0,,,,,,,0,0,,,,,,,
CO,NCCL,2026-05-09,2026-05-09,1,P,M50644,00647,C,S053510,,,,,,,,,,,,0,0,0,0,0,,0,0,0,0,,0,0,0,0,0,,,,,,,0,0,,,,,,,
CO,NCCL,2026-05-09,2026-05-09,1,P,M50644,00647,C,S074431,,,,,,,,,,,,0,0,0,0,0,,0,0,0,0,,0,0,0,0,0,,,,,,,0,0,,,,,,,
CO,NCCL,2026-05-09,2026-05-09,1,P,M50644,00647,C,S087694,,,,,,,,,,,,0,0,0,0,0,,0,0,0,0,,0,0,0,0,0,,,,,,,0,0,,,,,,,
CO,NCCL,2026-05-09,2026-05-09,1,P,M50644,00647,C,S149775,,,,,,,,,,,,0,0,0,0,0,,0,0,0,0,,0,0,0,0,0,,,,,,,0,0,,,,,,,
CO,NCCL,2026-05-09,2026-05-09,1,P,M50644,00647,C,S294238,,,,,,,,,,,,0,0,0,0,0,,0,0,0,0,,0,0,0,0,0,,,,,,,0,0,,,,,,,
CO,NCCL,2026-05-09,2026-05-09,1,P,M50644,00647,C,S365545,,,,,,,,,,,,0,0,0,0,0,,0,0,0,0,,0,0,0,0,0,,,,,,,0,0,,,,,,,
CO,NCCL,2026-05-09,2026-05-09,1,P,M50644,00647,C,S474510,,,,,,,,,,,,0,0,0,0,0,,0,0,0,0,,0,0,0,0,0,,,,,,,0,0,,,,,,,
CO,NCCL,2026-05-09,2026-05-09,1,P,M50644,00647,C,S545485,,,,,,,,,,,,0,0,0,0,0,,0,0,0,0,,0,0,0,0,0,,,,,,,0,0,,,,,,,
CO,NCCL,2026-05-09,2026-05-09,1,P,M50644,00647,C,S567545,,,,,,,,,,,,0,0,0,0,0,,0,0,0,0,,0,0,0,0,0,,,,,,,0,0,,,,,,,
CO,NCCL,2026-05-09,2026-05-09,1,P,M50644,00647,C,S572436,,,,,,,,,,,,0,0,0,0,0,,0,0,0,0,,0,0,0,0,0,,,,,,,0,0,,,,,,,
CO,NCCL,2026-05-09,2026-05-09,1,P,M50644,00647,C,T00043153,,,,,,,,,,,,1082931.02,90481.5,0,0,0,,0,0,0,-155400,,1107488.89,90481.5,980366.67,1353370.39,1173412.52,,,,,,,0,0,,,,,,,
CO,NCCL,2026-05-09,2026-05-09,1,P,M50644,00647,C,T00043480,,,,,,,,,,,,0,0,0,0,0,,0,0,0,0,,0,0,0,0,0,,,,,,,0,0,,,,,,,
CO,NCCL,2026-05-09,2026-05-09,1,P,M50644,00647,C,T00043821,,,,,,,,,,,,0,0,0,0,0,,0,0,0,0,,0,0,0,0,0,,,,,,,0,0,,,,,,,
CO,NCCL,2026-05-09,2026-05-09,1,P,M50644,00647,C,U00041133,,,,,,,,,,,,0,0,0,0,0,,0,0,0,0,,0,0,0,0,0,,,,,,,0,0,,,,,,,
CO,NCCL,2026-05-09,2026-05-09,1,P,M50644,00647,C,U442505,,,,,,,,,,,,0,0,0,0,0,,0,0,0,0,,0,0,0,0,0,,,,,,,0,0,,,,,,,
CO,NCCL,2026-05-09,2026-05-09,1,P,M50644,00647,C,V00043203,,,,,,,,,,,,0,0,0,0,0,,0,0,0,0,,0,0,0,0,0,,,,,,,0,0,,,,,,,
CO,NCCL,2026-05-09,2026-05-09,1,P,M50644,00647,C,V000783,,,,,,,,,,,,0,0,0,0,0,,0,0,0,0,,0,0,0,0,0,,,,,,,0,0,,,,,,,
CO,NCCL,2026-05-09,2026-05-09,1,P,M50644,00647,C,V00078571,,,,,,,,,,,,0,0,0,0,0,,0,0,0,0,,0,0,0,0,0,,,,,,,0,0,,,,,,,
CO,NCCL,2026-05-09,2026-05-09,1,P,M50644,00647,C,V00079512,,,,,,,,,,,,0,0,0,0,0,,0,0,0,0,,0,0,0,0,0,,,,,,,0,0,,,,,,,
CO,NCCL,2026-05-09,2026-05-09,1,P,M50644,00647,C,V293879,,,,,,,,,,,,0,0,0,0,0,,0,0,0,0,,0,0,0,0,0,,,,,,,0,0,,,,,,,
CO,NCCL,2026-05-09,2026-05-09,1,P,M50644,00647,C,V366193,,,,,,,,,,,,0,0,0,0,0,,0,0,0,0,,0,0,0,0,0,,,,,,,0,0,,,,,,,
CO,NCCL,2026-05-09,2026-05-09,1,P,M50644,00647,C,V404368,,,,,,,,,,,,0,0,0,0,0,,0,0,0,0,,0,0,0,0,0,,,,,,,0,0,,,,,,,
CO,NCCL,2026-05-09,2026-05-09,1,P,M50644,00647,C,V550405,,,,,,,,,,,,0,0,0,0,0,,0,0,0,0,,0,0,0,0,0,,,,,,,0,0,,,,,,,
CO,NCCL,2026-05-09,2026-05-09,1,P,M50644,00647,P,00647,,,,,,,,,,,,0,0,0,0,0,,0,0,0,0,,0,0,0,0,0,,,,,,,0,0,,,,,,,
Sgmt,Src,RptgDt,BizDt,TradRegnOrgn,Lvl,ClrMmbId,BrkrOrCtdnPtcptId,ClntTp,ClntId,ISIN,TckrSymb,SttlmTp,SctiesSttlmTxId,SctySrs,FinInstrmId,FinInstrmTp,XpryDt,StrkPric,OptnTp,ValAtRskMrgn,SPANMrgn,LossMrgn,PrmAmt,CnsltdCrstllsdOblgtnMrg,DlvrySttlmtMrgn,SpclMrgn,SpclCshMrgn,TndrMrgn,AddtlMrgn,MrkToMktNetd,MinMrgn,SPANMrgnMin,XtrmLossMrgnMin,AggtPeakLbltyRptd,EndOfDayRqrmntRptd,TtlMrgnAsPerActlParams,TtlBuyTradgVol,TtlBuyTrfVal,TtlSellTradgVol,TtlSellTrfVal,NetOpnQty,NetOpnVal,CncntrtnMrgn,DvlmntMrgn,CrossMrgnBnftForSPAN,CrossMrgnBnftForELM,Rmks,Rsvd1,Rsvd2,Rsvd3,Rsvd4
